{
  "production": {
    "client_id": "1b024772203a0849",
    "redirect_uri": "https://2aa95473a5115d5f3deb36bb6875cf76f05e4c4d.extensions.allizom.org/",
    "authorization_endpoint": "https://oauth.accounts.firefox.com/v1/authorization",
    "token_endpoint": "https://oauth.accounts.firefox.com/v1/token",
    "userinfo_endpoint": "https://profile.accounts.firefox.com/v1/profile",
    "scopes": ["openid", "profile", "https://identity.mozilla.com/apps/lockbox"],
    "pkce": true,
    "app_keys": true
  },
  "dev-latest": {
    "client_id": "f69b2d16e724b432",
    "client_secret": "32052e102892dd07b1885c38887849d8283d1407350ee009b6377b8f542a272c",
    "redirect_uri": "https://2aa95473a5115d5f3deb36bb6875cf76f05e4c4d.extensions.allizom.org/",
    "authorization_endpoint": "https://oauth-latest.dev.lcip.org/v1/authorization",
    "token_endpoint": "https://oauth-latest.dev.lcip.org/v1/token",
    "userinfo_endpoint": "https://latest.dev.lcip.org/profile/v1/profile",
    "scopes": ["openid", "profile", "https://identity.mozilla.com/apps/lockbox"],
    "pkce": false
  },
  "scoped-keys": {
    "client_id": "37fdfa37698f251a",
    "redirect_uri": "https://2aa95473a5115d5f3deb36bb6875cf76f05e4c4d.extensions.allizom.org/",
    "authorization_endpoint": "https://oauth-latest-keys.dev.lcip.org/v1/authorization",
    "token_endpoint": "https://oauth-latest-keys.dev.lcip.org/v1/token",
    "userinfo_endpoint": "https://latest-keys.dev.lcip.org/profile/v1/profile",
    "scopes": ["openid", "profile", "https://identity.mozilla.com/apps/lockbox"],
    "pkce": true,
    "app_keys": true
  }
}
